Feature,Importance
rolling_avg_qty,0.7613274337919863
lag_2,0.1034721866314456
previous_qty,0.05399111614184572
lag_1,0.04944901912254175
rolling_avg_30,0.007424569112880676
rolling_avg_7,0.006227281874357479
day,0.006148587061492784
month,0.004714598516741809
day_of_week,0.0029863906816481618
product_encoded,0.002076433608569119
unit_price,0.001282667556914377
is_weekend,0.000484287682061427
category_encoded,0.0004154282175148055
